{
    "menuLabel": "Adam's Revenge",
    "menuDescription": "Adam has trapped you in his diabolical gauntlet!",
    "levelList": [
        {
            "map": "map-level-03",
            "music": "Artifact.ogg",
            "snakeStart": {
                "position": { "x": 20, "y": 12 },
                "direction": "up",
                "length": 3
            },
            "snakeSpeed": 9,
            "snakeHealth": 5,
            "winCondition": {
                "conditionType": "onFoodEaten",
                "foodType": "Apple",
                "foodCount": 50
            },
            "foodList": [
                {
                    "foodType": "Apple",
                    "spawnType": "onTimer",
                    "timePassed": 4,
                    "chancePct": 100,
                    "maxSpawnCount": 100,
                    "growthRate": 3,
                    "floorIdRange": { "minId": 1, "maxId": 2 }
                },
                {
                    "foodType": "Apple",
                    "spawnType": "onTimer",
                    "timePassed": 4,
                    "chancePct": 100,
                    "maxSpawnCount": 100,
                    "growthRate": 3,
                    "floorIdRange": { "minId": 2, "maxId": 3 }
                },
                {
                    "foodType": "Apple",
                    "spawnType": "onTimer",
                    "timePassed": 8,
                    "chancePct": 100,
                    "maxSpawnCount": 100,
                    "growthRate": 3,
                    "floorIdRange": { "minId": 4, "maxId": 4 }
                },
                {
                    "foodType": "Apple",
                    "spawnType": "onTimer",
                    "timePassed": 8,
                    "chancePct": 100,
                    "maxSpawnCount": 100,
                    "growthRate": 3,
                    "floorIdRange": { "minId": 4, "maxId": 4 }
                },
                {
                    "foodType": "Carrot",
                    "spawnType": "onTimer",
                    "timePassed": 1,
                    "chancePct": 10,
                    "maxSpawnCount": 100,
                    "growthRate": 1,
                    "floorIdRange": { "minId": 25, "maxId": 25 }
                },
                {
                    "foodType": "Carrot",
                    "spawnType": "onTimer",
                    "timePassed": 1,
                    "chancePct": 10,
                    "maxSpawnCount": 100,
                    "growthRate": 1,
                    "floorIdRange": { "minId": 25, "maxId": 25 }
                },
                {
                    "foodType": "Carrot",
                    "spawnType": "onTimer",
                    "timePassed": 1,
                    "chancePct": 10,
                    "maxSpawnCount": 100,
                    "growthRate": 1,
                    "floorIdRange": { "minId": 25, "maxId": 25 }
                },
                {
                    "foodType": "Carrot",
                    "spawnType": "onTimer",
                    "timePassed": 1,
                    "chancePct": 10,
                    "maxSpawnCount": 100,
                    "growthRate": 1,
                    "floorIdRange": { "minId": 25, "maxId": 25 }
                },
                {
                    "foodType": "Carrot",
                    "spawnType": "onTimer",
                    "timePassed": 1,
                    "chancePct": 10,
                    "maxSpawnCount": 100,
                    "growthRate": 1,
                    "floorIdRange": { "minId": 25, "maxId": 25 }
                },
                {
                    "foodType": "Carrot",
                    "spawnType": "onTimer",
                    "timePassed": 1,
                    "chancePct": 10,
                    "maxSpawnCount": 100,
                    "growthRate": 1,
                    "floorIdRange": { "minId": 25, "maxId": 25 }
                },
                {
                    "foodType": "Carrot",
                    "spawnType": "onTimer",
                    "timePassed": 1,
                    "chancePct": 10,
                    "maxSpawnCount": 100,
                    "growthRate": 1,
                    "floorIdRange": { "minId": 25, "maxId": 25 }
                },
                {
                    "foodType": "Carrot",
                    "spawnType": "onTimer",
                    "timePassed": 1,
                    "chancePct": 10,
                    "maxSpawnCount": 100,
                    "growthRate": 1,
                    "floorIdRange": { "minId": 25, "maxId": 25 }
                }
            ],
            "dangerList": [
            ]
        },
        {
            "map": "map-level-02",
            "music": "Artifact.ogg",
            "snakeStart": {
                "position": { "x": 15, "y": 15 },
                "direction": "up",
                "length": 3
            },
            "snakeSpeed": 9,
            "snakeHealth": 5,
            "winCondition": {
                "conditionType": "onLengthReached",
                "snakeLength": 120
            },
            "foodList": [
                {
                    "foodType": "Apple",
                    "spawnType": "onDespawn",
                    "chancePct": 100,
                    "maxSpawnCount": 100,
                    "growthRate": 3,
                    "floorIdRange": { "minId": 1, "maxId": 1 }
                },
                {
                    "foodType": "Apple",
                    "spawnType": "onLengthReached",
                    "lengthReached": 4,
                    "chancePct": 100,
                    "maxSpawnCount": 100,
                    "growthRate": 3,
                    "floorIdRange": { "minId": 2, "maxId": 2 }
                },
                {
                    "foodType": "Apple",
                    "spawnType": "onLengthReached",
                    "lengthReached": 42,
                    "chancePct": 100,
                    "maxSpawnCount": 100,
                    "growthRate": 3,
                    "floorIdRange": { "minId": 3, "maxId": 3 }
                },
                {
                    "foodType": "Apple",
                    "spawnType": "onLengthReached",
                    "lengthReached": 45,
                    "chancePct": 100,
                    "maxSpawnCount": 100,
                    "growthRate": 3,
                    "floorIdRange": { "minId": 4, "maxId": 4 }
                },
                {
                    "foodType": "Apple",
                    "spawnType": "onLengthReached",
                    "lengthReached": 60,
                    "chancePct": 5,
                    "maxSpawnCount": 100,
                    "growthRate": 5,
                    "floorIdRange": { "minId": 5, "maxId": 5 }
                },
                {
                    "foodType": "Carrot",
                    "spawnType": "onTimer",
                    "timePassed": 30,
                    "chancePct": 25,
                    "maxSpawnCount": 100,
                    "growthRate": 1,
                    "floorIdRange": { "minId": 25, "maxId": 25 }
                },
                {
                    "foodType": "Carrot",
                    "spawnType": "onTimer",
                    "timePassed": 32,
                    "chancePct": 25,
                    "maxSpawnCount": 100,
                    "growthRate": 1,
                    "floorIdRange": { "minId": 25, "maxId": 25 }
                },
                {
                    "foodType": "Carrot",
                    "spawnType": "onTimer",
                    "timePassed": 34,
                    "chancePct": 25,
                    "maxSpawnCount": 100,
                    "growthRate": 1,
                    "floorIdRange": { "minId": 25, "maxId": 25 }
                },
                {
                    "foodType": "Carrot",
                    "spawnType": "onTimer",
                    "timePassed": 36,
                    "chancePct": 25,
                    "maxSpawnCount": 100,
                    "growthRate": 1,
                    "floorIdRange": { "minId": 25, "maxId": 25 }
                },
                {
                    "foodType": "Carrot",
                    "spawnType": "onTimer",
                    "timePassed": 38,
                    "chancePct": 25,
                    "maxSpawnCount": 100,
                    "growthRate": 1,
                    "floorIdRange": { "minId": 25, "maxId": 25 }
                },
                {
                    "foodType": "Carrot",
                    "spawnType": "onTimer",
                    "timePassed": 40,
                    "chancePct": 25,
                    "maxSpawnCount": 100,
                    "growthRate": 1,
                    "floorIdRange": { "minId": 25, "maxId": 25 }
                },
                {
                    "foodType": "Carrot",
                    "spawnType": "onTimer",
                    "timePassed": 42,
                    "chancePct": 25,
                    "maxSpawnCount": 100,
                    "growthRate": 1,
                    "floorIdRange": { "minId": 25, "maxId": 25 }
                },
                {
                    "foodType": "Carrot",
                    "spawnType": "onTimer",
                    "timePassed": 44,
                    "chancePct": 25,
                    "maxSpawnCount": 100,
                    "growthRate": 1,
                    "floorIdRange": { "minId": 25, "maxId": 25 }
                }
            ],
            "dangerList": [
            ]
        },
        {
            "map": "map-level-01",
            "music": "Artifact.ogg",
            "snakeStart": {
                "position": { "x": 3, "y": 7 },
                "direction": "up",
                "length": 3
            },
            "snakeSpeed": 8,
            "snakeHealth": 3,
            "winCondition": {
                "conditionType": "onFoodEaten",
                "foodType": "Apple",
                "foodCount": 15
            },
            "foodList": [
                {
                    "foodType": "Apple",
                    "spawnType": "onDespawn",
                    "chancePct": 100,
                    "maxSpawnCount": 100,
                    "growthRate": 3,
                    "floorIdRange": { "minId": 0, "maxId": 0 }
                }
            ],
            "dangerList": [
            ]
        }
    ]
}
