{
    "width": 49,
    "height": 22,
    "floorList": [
        { "id": 00, "filename": "grass.png" },
        { "id": 01, "filename": "transparent.png" },
        { "id": 02, "filename": "transparent.png" },
        { "id": 03, "filename": "transparent.png" },
        { "id": 04, "filename": "transparent.png" },
        { "id": 05, "filename": "transparent.png" },
        { "id": 06, "filename": "transparent.png" },
        { "id": 07, "filename": "transparent.png" },
        { "id": 08, "filename": "transparent.png" },
        { "id": 09, "filename": "transparent.png" },
        { "id": 10, "filename": "transparent.png" },
        { "id": 11, "filename": "transparent.png" },
        { "id": 20, "filename": "grass-browning-01.png" },
        { "id": 21, "filename": "grass-browning-02.png" },
        { "id": 22, "filename": "grass-browning-02.png" },
        { "id": 23, "filename": "grass-browning-01.png" },
        { "id": 24, "filename": "grass-browning-01.png" },
        { "id": 25, "filename": "grass-browning-02.png" },
        { "id": 26, "filename": "grass-browning-02.png" },
        { "id": 27, "filename": "grass-browning-01.png" },
        { "id": 28, "filename": "grass-browning-01.png" },
        { "id": 29, "filename": "grass-browning-02.png" },
        { "id": 30, "filename": "grass-browning-02.png" },
        { "id": 31, "filename": "grass-browning-01.png" },
        { "id": 32, "filename": "grass-browning-01.png" },
        { "id": 33, "filename": "grass-browning-02.png" },
        { "id": 34, "filename": "grass-browning-02.png" },
        { "id": 35, "filename": "grass-browning-01.png" },
        { "id": 36, "filename": "grass-browning-01.png" },
        { "id": 37, "filename": "grass-browning-02.png" },
        { "id": 60, "filename": "grass-dirt-patch-01.png" },
        { "id": 61, "filename": "grass-dirt-patch-02.png" },
        { "id": 62, "filename": "grass-dirt-patch-01.png" },
        { "id": 63, "filename": "grass-dirt-patch-02.png" },
        { "id": 64, "filename": "grass-dirt-patch-01.png" },
        { "id": 65, "filename": "grass-dirt-patch-02.png" },
        { "id": 66, "filename": "grass-dirt-patch-01.png" },
        { "id": 67, "filename": "grass-dirt-patch-02.png" },
        { "id": 68, "filename": "grass-dirt-patch-01.png" },
        { "id": 69, "filename": "grass-dirt-patch-02.png" },
        { "id": 70, "filename": "grass-dirt-patch-01.png" },
        { "id": 71, "filename": "grass-dirt-patch-02.png" },
        { "id": 72, "filename": "grass-dirt-patch-02.png" },
        { "id": 73, "filename": "grass-dirt-patch-02.png" }
    ],
    "barrierList": [
        { "id": 01, "filename": "barrier.png" },
        { "id": 02, "filename": "shrub-barrier-northwest.png" },
        { "id": 03, "filename": "shrub-barrier-north.png" },
        { "id": 04, "filename": "shrub-barrier-northeast.png" },
        { "id": 05, "filename": "shrub-barrier-west.png" },
        { "id": 06, "filename": "shrub-barrier-east.png" },
        { "id": 07, "filename": "shrub-barrier-southwest.png" },
        { "id": 08, "filename": "shrub-barrier-south.png" },
        { "id": 09, "filename": "shrub-barrier-southeast.png" }
    ],
    "floorGrid": [
        [ 00, 00, 00, 00, 00, 00, 00, 00, 00, 00, 00, 00, 00, 00, 00, 00, 00, 00, 00, 00, 00, 00, 00, 00, 00, 00, 00, 00, 00, 00, 00, 00, 00, 00, 00, 00, 00, 00, 00, 00, 00, 00, 00, 00, 00, 00, 00, 00, 00 ],
        [ 00, 00, 00, 00, 09, 09, 00, 00, 00, 00, 00, 00, 60, 60, 60, 61, 60, 60, 00, 01, 01, 01, 01, 01, 01, 00, 00, 00, 00, 00, 21, 00, 00, 00, 00, 00, 01, 01, 01, 60, 60, 60, 60, 61, 60, 60, 00, 00, 00 ],
        [ 00, 00, 00, 00, 09, 09, 00, 00, 00, 00, 00, 00, 60, 60, 60, 61, 60, 60, 00, 01, 01, 01, 01, 01, 01, 00, 22, 00, 00, 00, 00, 00, 00, 00, 20, 00, 01, 01, 01, 60, 60, 60, 60, 61, 60, 60, 00, 00, 00 ],
        [ 00, 00, 00, 00, 00, 00, 00, 09, 09, 00, 00, 00, 00, 00, 00, 00, 00, 00, 00, 00, 00, 00, 00, 00, 00, 00, 00, 00, 00, 00, 00, 00, 00, 00, 00, 00, 00, 00, 00, 00, 00, 00, 00, 00, 00, 00, 60, 60, 00 ],
        [ 00, 10, 10, 00, 00, 00, 09, 00, 00, 00, 00, 00, 02, 02, 00, 00, 00, 00, 00, 00, 62, 62, 62, 24, 62, 62, 62, 00, 00, 00, 00, 00, 00, 00, 00, 00, 00, 00, 02, 02, 02, 02, 02, 00, 00, 00, 61, 61, 00 ],
        [ 00, 10, 10, 00, 00, 00, 09, 00, 00, 00, 00, 00, 02, 02, 62, 62, 63, 62, 62, 25, 00, 00, 00, 02, 00, 00, 00, 23, 62, 62, 63, 62, 62, 00, 00, 00, 00, 00, 02, 02, 02, 02, 02, 00, 00, 00, 60, 60, 00 ],
        [ 00, 10, 10, 00, 09, 09, 00, 00, 00, 00, 00, 00, 00, 00, 00, 00, 00, 00, 00, 00, 00, 00, 00, 00, 00, 00, 00, 00, 00, 00, 00, 00, 00, 00, 00, 00, 00, 00, 00, 00, 00, 00, 00, 02, 02, 00, 60, 60, 00 ],
        [ 00, 00, 00, 00, 00, 00, 09, 00, 00, 00, 00, 00, 03, 03, 64, 64, 65, 64, 64, 28, 00, 00, 00, 03, 00, 00, 00, 26, 64, 64, 65, 64, 64, 00, 03, 03, 03, 03, 03, 00, 00, 00, 00, 02, 02, 00, 60, 60, 00 ],
        [ 00, 00, 00, 00, 00, 00, 09, 00, 00, 00, 00, 00, 03, 03, 00, 00, 00, 00, 00, 00, 64, 64, 64, 27, 64, 64, 64, 00, 00, 00, 00, 00, 00, 00, 03, 03, 03, 03, 03, 00, 00, 00, 00, 00, 00, 00, 60, 60, 00 ],
        [ 00, 10, 10, 00, 00, 00, 00, 09, 09, 00, 00, 00, 00, 00, 00, 00, 00, 00, 00, 00, 00, 00, 00, 00, 00, 00, 00, 00, 00, 00, 00, 00, 00, 00, 00, 00, 00, 00, 00, 00, 00, 00, 00, 00, 00, 00, 01, 01, 00 ],
        [ 00, 00, 00, 00, 00, 00, 09, 00, 00, 00, 00, 00, 00, 00, 00, 00, 00, 66, 66, 66, 30, 66, 66, 66, 00, 00, 00, 00, 00, 00, 04, 04, 04, 04, 04, 04, 00, 00, 00, 00, 03, 03, 00, 00, 00, 00, 01, 01, 00 ],
        [ 00, 00, 00, 00, 00, 00, 09, 00, 00, 00, 00, 00, 66, 67, 66, 66, 31, 00, 00, 00, 04, 00, 00, 00, 29, 66, 66, 67, 66, 00, 04, 04, 04, 04, 04, 04, 00, 00, 00, 00, 03, 03, 00, 00, 00, 00, 01, 01, 00 ],
        [ 00, 10, 10, 00, 00, 00, 00, 00, 00, 00, 00, 00, 00, 00, 00, 00, 00, 00, 00, 00, 00, 00, 00, 00, 00, 00, 00, 00, 00, 00, 00, 00, 00, 00, 00, 00, 00, 04, 04, 00, 00, 00, 00, 00, 00, 00, 01, 01, 00 ],
        [ 00, 10, 10, 00, 09, 09, 00, 00, 00, 06, 06, 00, 68, 69, 68, 68, 33, 00, 00, 06, 06, 06, 00, 00, 00, 00, 00, 00, 00, 00, 06, 06, 06, 00, 00, 00, 00, 00, 05, 05, 05, 00, 00, 00, 00, 00, 01, 01, 00 ],
        [ 00, 10, 10, 00, 09, 09, 00, 00, 00, 06, 06, 00, 00, 00, 00, 00, 00, 00, 00, 00, 69, 00, 00, 00, 32, 68, 68, 69, 68, 00, 06, 06, 06, 00, 00, 00, 00, 00, 05, 05, 05, 00, 00, 00, 00, 00, 01, 01, 00 ],
        [ 00, 00, 00, 00, 00, 00, 00, 07, 07, 00, 00, 00, 00, 00, 00, 00, 00, 00, 00, 00, 00, 00, 00, 00, 00, 00, 00, 00, 00, 00, 00, 00, 00, 00, 00, 00, 00, 00, 00, 00, 00, 00, 00, 00, 00, 00, 01, 01, 00 ],
        [ 00, 00, 00, 00, 09, 09, 00, 00, 00, 00, 70, 71, 70, 70, 35, 00, 00, 07, 07, 07, 00, 00, 00, 00, 00, 00, 00, 00, 07, 07, 07, 00, 00, 00, 00, 00, 00, 00, 05, 05, 05, 00, 00, 05, 05, 00, 00, 00, 00 ],
        [ 00, 00, 00, 00, 09, 09, 00, 00, 00, 00, 00, 00, 00, 00, 00, 00, 00, 00, 71, 00, 00, 00, 34, 70, 70, 71, 70, 00, 07, 07, 07, 00, 00, 00, 00, 00, 00, 00, 05, 05, 05, 00, 00, 05, 05, 00, 00, 00, 00 ],
        [ 00, 11, 11, 00, 00, 00, 00, 00, 00, 00, 00, 00, 00, 00, 00, 00, 00, 00, 00, 00, 00, 00, 00, 00, 00, 00, 00, 00, 00, 00, 00, 00, 00, 00, 00, 00, 00, 00, 00, 00, 00, 00, 00, 00, 00, 00, 00, 00, 00 ],
        [ 00, 11, 11, 00, 00, 00, 08, 00, 00, 00, 00, 00, 00, 00, 00, 08, 08, 08, 00, 00, 36, 72, 72, 73, 72, 00, 08, 08, 08, 08, 00, 00, 00, 00, 00, 05, 05, 05, 00, 00, 00, 05, 05, 05, 00, 00, 00, 00, 00 ],
        [ 00, 11, 11, 00, 00, 00, 08, 00, 72, 73, 72, 72, 37, 00, 00, 00, 73, 00, 00, 00, 00, 00, 00, 00, 00, 00, 08, 08, 08, 08, 00, 00, 00, 00, 00, 05, 05, 05, 00, 00, 00, 05, 05, 05, 00, 00, 00, 00, 00 ],
        [ 00, 00, 00, 00, 00, 00, 00, 00, 00, 00, 00, 00, 00, 00, 00, 00, 00, 00, 00, 00, 00, 00, 00, 00, 00, 00, 00, 00, 00, 00, 00, 00, 00, 00, 00, 00, 00, 00, 00, 00, 00, 00, 00, 00, 00, 00, 00, 00, 00 ]
    ],
    "barrierGrid": [
        [ 02, 03, 03, 03, 03, 03, 03, 03, 03, 03, 03, 03, 03, 03, 03, 03, 03, 03, 03, 03, 03, 03, 03, 03, 03, 03, 03, 03, 03, 03, 03, 03, 03, 03, 03, 03, 03, 03, 03, 03, 03, 03, 03, 03, 03, 03, 03, 03, 04 ],
        [ 05, 00, 00, 00, 00, 00, 00, 00, 00, 01, 00, 00, 00, 00, 00, 00, 00, 00, 00, 00, 00, 00, 00, 00, 00, 00, 00, 00, 00, 00, 00, 00, 00, 00, 00, 00, 00, 00, 00, 00, 00, 00, 00, 00, 00, 00, 00, 00, 06 ],
        [ 05, 00, 00, 00, 00, 00, 00, 00, 00, 01, 00, 00, 00, 00, 00, 00, 00, 00, 00, 00, 00, 00, 00, 00, 00, 00, 00, 00, 00, 00, 00, 00, 00, 00, 00, 00, 00, 00, 00, 00, 00, 00, 00, 00, 00, 00, 00, 00, 06 ],
        [ 05, 00, 00, 01, 01, 01, 01, 00, 00, 00, 00, 00, 01, 01, 01, 01, 01, 01, 01, 01, 01, 01, 01, 01, 01, 01, 01, 01, 01, 01, 01, 01, 01, 01, 01, 01, 01, 01, 01, 01, 01, 01, 01, 01, 01, 01, 00, 00, 06 ],
        [ 05, 00, 00, 01, 00, 00, 00, 00, 00, 01, 00, 00, 00, 00, 00, 00, 00, 00, 00, 00, 00, 00, 00, 00, 00, 00, 00, 00, 00, 00, 00, 00, 00, 00, 00, 00, 00, 00, 00, 00, 00, 00, 00, 00, 00, 01, 00, 00, 06 ],
        [ 05, 00, 00, 01, 00, 00, 00, 00, 00, 01, 00, 00, 00, 00, 00, 00, 00, 00, 00, 00, 00, 00, 00, 00, 00, 00, 00, 00, 00, 00, 00, 00, 00, 00, 00, 00, 00, 00, 00, 00, 00, 00, 00, 00, 00, 01, 00, 00, 06 ],
        [ 05, 00, 00, 01, 00, 00, 01, 01, 00, 01, 01, 01, 01, 01, 01, 01, 01, 01, 01, 01, 01, 01, 01, 01, 01, 01, 01, 01, 01, 01, 01, 01, 01, 01, 01, 01, 01, 01, 01, 01, 01, 01, 01, 00, 00, 01, 00, 00, 06 ],
        [ 05, 00, 00, 01, 00, 00, 00, 00, 00, 01, 00, 00, 00, 00, 00, 00, 00, 00, 00, 00, 00, 00, 00, 00, 00, 00, 00, 00, 00, 00, 00, 00, 00, 00, 00, 00, 00, 00, 00, 00, 00, 00, 01, 00, 00, 00, 00, 00, 06 ],
        [ 05, 00, 00, 00, 00, 00, 00, 00, 00, 01, 00, 00, 00, 00, 00, 00, 00, 00, 00, 00, 00, 00, 00, 00, 00, 00, 00, 00, 00, 00, 00, 00, 00, 00, 00, 00, 00, 00, 00, 00, 00, 00, 01, 00, 00, 00, 00, 00, 06 ],
        [ 05, 00, 00, 01, 01, 01, 01, 00, 00, 00, 00, 00, 01, 01, 01, 01, 01, 01, 01, 01, 01, 01, 01, 01, 01, 01, 01, 01, 01, 01, 01, 01, 01, 01, 01, 01, 01, 01, 01, 01, 00, 00, 01, 00, 00, 01, 00, 00, 06 ],
        [ 05, 00, 00, 00, 00, 00, 00, 00, 00, 01, 00, 00, 00, 00, 00, 00, 00, 00, 00, 00, 00, 00, 00, 00, 00, 00, 00, 00, 00, 00, 00, 00, 00, 00, 00, 00, 00, 00, 00, 01, 00, 00, 00, 00, 00, 01, 00, 00, 06 ],
        [ 05, 00, 00, 01, 00, 00, 00, 00, 00, 01, 00, 00, 00, 00, 00, 00, 00, 00, 00, 00, 00, 00, 00, 00, 00, 00, 00, 00, 00, 00, 00, 00, 00, 00, 00, 00, 00, 00, 00, 01, 00, 00, 00, 00, 00, 01, 00, 00, 06 ],
        [ 05, 00, 00, 01, 00, 00, 01, 01, 00, 01, 01, 01, 01, 01, 01, 01, 01, 01, 01, 01, 01, 01, 01, 01, 01, 01, 01, 01, 01, 01, 01, 01, 01, 01, 01, 01, 01, 00, 00, 01, 01, 01, 01, 01, 01, 01, 00, 00, 06 ],
        [ 05, 00, 00, 01, 00, 00, 01, 00, 00, 00, 00, 00, 00, 00, 00, 00, 00, 00, 00, 00, 00, 00, 00, 00, 00, 00, 00, 00, 00, 00, 00, 00, 00, 00, 00, 00, 01, 00, 00, 00, 00, 00, 00, 00, 00, 01, 00, 00, 06 ],
        [ 05, 00, 00, 01, 00, 00, 01, 00, 00, 00, 00, 00, 00, 00, 00, 00, 00, 00, 00, 00, 00, 00, 00, 00, 00, 00, 00, 00, 00, 00, 00, 00, 00, 00, 00, 00, 01, 00, 00, 00, 00, 00, 00, 00, 00, 01, 00, 00, 06 ],
        [ 05, 00, 00, 01, 00, 00, 00, 00, 00, 01, 01, 01, 01, 01, 01, 01, 01, 01, 01, 01, 01, 01, 01, 01, 01, 01, 01, 01, 01, 01, 01, 01, 01, 01, 00, 00, 01, 01, 01, 00, 01, 01, 01, 00, 00, 01, 00, 00, 06 ],
        [ 05, 00, 00, 01, 00, 00, 01, 00, 00, 00, 00, 00, 00, 00, 00, 00, 00, 00, 00, 00, 00, 00, 00, 00, 00, 00, 00, 00, 00, 00, 00, 00, 00, 01, 00, 00, 01, 00, 00, 00, 00, 00, 01, 00, 00, 00, 00, 00, 06 ],
        [ 05, 00, 00, 01, 00, 00, 01, 00, 00, 00, 00, 00, 00, 00, 00, 00, 00, 00, 00, 00, 00, 00, 00, 00, 00, 00, 00, 00, 00, 00, 00, 00, 00, 01, 00, 00, 01, 00, 00, 00, 00, 00, 01, 00, 00, 00, 00, 00, 06 ],
        [ 05, 00, 00, 01, 00, 00, 01, 01, 00, 01, 01, 01, 01, 01, 01, 01, 01, 01, 01, 01, 01, 01, 01, 01, 01, 01, 01, 01, 01, 01, 01, 00, 00, 01, 00, 00, 01, 00, 00, 01, 00, 00, 01, 00, 00, 01, 00, 00, 06 ],
        [ 05, 00, 00, 01, 00, 00, 00, 00, 00, 00, 00, 00, 00, 00, 00, 00, 00, 00, 00, 00, 00, 00, 00, 00, 00, 00, 00, 00, 00, 00, 00, 00, 00, 01, 00, 00, 00, 00, 00, 01, 00, 00, 00, 00, 00, 01, 00, 00, 06 ],
        [ 05, 00, 00, 00, 00, 00, 00, 00, 00, 00, 00, 00, 00, 00, 00, 00, 00, 00, 00, 00, 00, 00, 00, 00, 00, 00, 00, 00, 00, 00, 00, 00, 00, 01, 00, 00, 00, 00, 00, 01, 00, 00, 00, 00, 00, 00, 00, 00, 06 ],
        [ 07, 08, 08, 08, 08, 08, 08, 08, 08, 08, 08, 08, 08, 08, 08, 08, 08, 08, 08, 08, 08, 08, 08, 08, 08, 08, 08, 08, 08, 08, 08, 08, 08, 08, 08, 08, 08, 08, 08, 08, 08, 08, 08, 08, 08, 08, 08, 08, 09 ]
    ]
}
