{
    "width": 48,
    "height": 24,
    "floorList": [
        { "id": 00, "filename": "grass.png" },
        { "id": 01, "filename": "transparent.png" },
        { "id": 02, "filename": "transparent.png" },
        { "id": 03, "filename": "transparent.png" },
        { "id": 04, "filename": "transparent.png" },
        { "id": 05, "filename": "transparent.png" },
        { "id": 06, "filename": "transparent.png" },
        { "id": 07, "filename": "transparent.png" },
        { "id": 08, "filename": "transparent.png" },
        { "id": 09, "filename": "transparent.png" },
        { "id": 20, "filename": "grass-browning-01.png" },
        { "id": 21, "filename": "grass-browning-02.png" },
        { "id": 22, "filename": "grass-browning-02.png" },
        { "id": 23, "filename": "grass-browning-01.png" },
        { "id": 24, "filename": "grass-browning-01.png" },
        { "id": 25, "filename": "grass-browning-02.png" },
        { "id": 26, "filename": "grass-browning-02.png" },
        { "id": 27, "filename": "grass-browning-01.png" },
        { "id": 28, "filename": "grass-browning-01.png" },
        { "id": 29, "filename": "grass-browning-02.png" },
        { "id": 30, "filename": "grass-browning-02.png" },
        { "id": 31, "filename": "grass-browning-01.png" },
        { "id": 32, "filename": "grass-browning-01.png" },
        { "id": 33, "filename": "grass-browning-02.png" },
        { "id": 34, "filename": "grass-browning-02.png" },
        { "id": 35, "filename": "grass-browning-01.png" },
        { "id": 36, "filename": "grass-browning-01.png" },
        { "id": 37, "filename": "grass-browning-02.png" },
        { "id": 38, "filename": "grass-browning-02.png" },
        { "id": 39, "filename": "grass-browning-01.png" },
        { "id": 40, "filename": "grass-browning-01.png" },
        { "id": 41, "filename": "grass-browning-02.png" },
        { "id": 42, "filename": "grass-browning-02.png" },
        { "id": 43, "filename": "grass-browning-01.png" },
        { "id": 44, "filename": "grass-browning-01.png" },
        { "id": 45, "filename": "grass-browning-02.png" },
        { "id": 46, "filename": "grass-browning-02.png" },
        { "id": 47, "filename": "grass-browning-01.png" },
        { "id": 48, "filename": "grass-browning-01.png" },
        { "id": 49, "filename": "grass-browning-02.png" },
        { "id": 50, "filename": "grass-browning-02.png" },
        { "id": 51, "filename": "grass-browning-01.png" },
        { "id": 52, "filename": "grass-browning-01.png" },
        { "id": 53, "filename": "grass-browning-02.png" },
        { "id": 60, "filename": "grass-dirt-patch-01.png" },
        { "id": 61, "filename": "grass-dirt-patch-02.png" },
        { "id": 62, "filename": "grass-dirt-patch-01.png" },
        { "id": 63, "filename": "grass-dirt-patch-02.png" },
        { "id": 64, "filename": "grass-dirt-patch-01.png" },
        { "id": 65, "filename": "grass-dirt-patch-02.png" },
        { "id": 66, "filename": "grass-dirt-patch-01.png" },
        { "id": 67, "filename": "grass-dirt-patch-02.png" },
        { "id": 68, "filename": "grass-dirt-patch-01.png" },
        { "id": 69, "filename": "grass-dirt-patch-02.png" },
        { "id": 70, "filename": "grass-dirt-patch-01.png" },
        { "id": 71, "filename": "grass-dirt-patch-02.png" }
    ],
    "barrierList": [
        { "id": 01, "filename": "barrier.png" },
        { "id": 02, "filename": "shrub-barrier-northwest.png" },
        { "id": 03, "filename": "shrub-barrier-north.png" },
        { "id": 04, "filename": "shrub-barrier-northeast.png" },
        { "id": 05, "filename": "shrub-barrier-west.png" },
        { "id": 06, "filename": "shrub-barrier-east.png" },
        { "id": 07, "filename": "shrub-barrier-southwest.png" },
        { "id": 08, "filename": "shrub-barrier-south.png" },
        { "id": 09, "filename": "shrub-barrier-southeast.png" }
    ],
    "floorGrid": [
        [ 00, 00, 00, 00, 00, 00, 00, 00, 00, 00, 00, 00, 00, 00, 00, 00, 00, 00, 00, 00, 00, 00, 00, 00, 00, 00, 00, 00, 00, 00, 00, 00, 00, 00, 00, 00, 00, 00, 00, 00, 00, 00, 00, 00, 00, 00, 00, 00 ],
        [ 00, 00, 00, 00, 00, 70, 70, 71, 08, 08, 00, 50, 50, 50, 00, 08, 70, 70, 70, 08, 08, 08, 08, 08, 08, 08, 08, 00, 52, 52, 52, 00, 08, 08, 08, 08, 08, 08, 08, 00, 00, 00, 00, 00, 00, 00, 00, 00 ],
        [ 00, 00, 00, 00, 00, 08, 08, 70, 70, 70, 70, 70, 70, 70, 70, 71, 70, 08, 08, 00, 51, 51, 51, 00, 08, 08, 08, 08, 08, 08, 08, 08, 08, 08, 08, 00, 53, 53, 53, 00, 00, 00, 00, 00, 00, 00, 00, 00 ],
        [ 00, 00, 00, 00, 00, 00, 00, 00, 00, 00, 00, 00, 00, 00, 00, 00, 00, 00, 00, 00, 00, 00, 00, 00, 00, 00, 00, 00, 00, 00, 00, 00, 00, 00, 00, 00, 00, 00, 00, 00, 00, 00, 00, 00, 00, 00, 00, 00 ],
        [ 00, 49, 49, 00, 00, 07, 07, 07, 07, 07, 07, 07, 07, 07, 07, 07, 07, 07, 07, 07, 47, 47, 00, 07, 07, 69, 68, 68, 68, 68, 68, 68, 68, 07, 07, 07, 07, 00, 00, 00, 00, 09, 09, 00, 00, 01, 00, 00 ],
        [ 00, 49, 49, 00, 00, 07, 07, 07, 07, 07, 00, 48, 48, 00, 07, 07, 07, 07, 07, 07, 07, 07, 68, 68, 68, 68, 07, 00, 46, 46, 00, 07, 69, 68, 68, 68, 68, 00, 00, 00, 00, 09, 09, 00, 00, 00, 00, 00 ],
        [ 00, 00, 00, 00, 00, 00, 00, 00, 00, 00, 00, 00, 00, 00, 00, 00, 00, 00, 00, 00, 00, 00, 00, 00, 00, 00, 00, 00, 00, 00, 00, 00, 00, 00, 00, 00, 00, 00, 00, 00, 00, 09, 09, 00, 00, 00, 00, 00 ],
        [ 00, 00, 00, 00, 00, 66, 66, 67, 66, 06, 00, 42, 42, 00, 06, 66, 66, 66, 66, 06, 06, 06, 06, 06, 06, 06, 06, 00, 44, 44, 00, 06, 06, 06, 06, 06, 06, 00, 00, 00, 00, 09, 09, 09, 09, 09, 09, 00 ],
        [ 00, 00, 00, 00, 00, 06, 06, 06, 66, 66, 66, 66, 66, 66, 66, 67, 06, 06, 06, 00, 43, 43, 00, 06, 06, 06, 06, 06, 06, 06, 06, 06, 06, 06, 06, 00, 45, 45, 00, 00, 00, 00, 09, 09, 09, 09, 09, 00 ],
        [ 00, 00, 00, 00, 00, 00, 00, 00, 00, 00, 00, 00, 00, 00, 00, 00, 00, 00, 00, 00, 00, 00, 00, 00, 00, 00, 00, 00, 00, 00, 00, 00, 00, 00, 00, 00, 00, 00, 00, 00, 00, 00, 00, 00, 00, 00, 00, 00 ],
        [ 00, 41, 41, 00, 00, 05, 05, 05, 05, 05, 05, 00, 40, 00, 05, 05, 05, 05, 05, 05, 05, 05, 05, 05, 05, 05, 05, 05, 00, 38, 00, 05, 05, 05, 64, 64, 64, 64, 65, 64, 64, 64, 64, 00, 00, 00, 00, 00 ],
        [ 00, 41, 41, 00, 00, 05, 05, 05, 05, 05, 05, 05, 05, 05, 05, 05, 05, 05, 05, 05, 00, 39, 00, 05, 05, 05, 05, 05, 05, 05, 05, 05, 05, 05, 05, 05, 00, 37, 00, 05, 05, 05, 05, 00, 00, 00, 00, 00 ],
        [ 00, 00, 00, 00, 00, 00, 00, 00, 00, 00, 00, 00, 00, 00, 00, 00, 00, 00, 00, 00, 00, 00, 00, 00, 00, 00, 00, 00, 00, 00, 00, 00, 00, 00, 00, 00, 00, 00, 00, 00, 00, 00, 00, 00, 00, 00, 00, 00 ],
        [ 00, 00, 00, 00, 00, 62, 62, 62, 62, 63, 62, 62, 62, 62, 04, 04, 04, 04, 04, 04, 00, 33, 00, 04, 04, 04, 04, 04, 04, 04, 04, 04, 04, 04, 04, 04, 00, 35, 00, 04, 04, 04, 04, 00, 00, 36, 36, 00 ],
        [ 00, 00, 00, 00, 00, 04, 04, 04, 04, 04, 04, 00, 32, 00, 04, 04, 04, 04, 04, 04, 04, 04, 04, 04, 04, 04, 04, 04, 00, 34, 00, 04, 04, 04, 04, 04, 04, 04, 04, 04, 04, 04, 04, 00, 00, 36, 36, 00 ],
        [ 00, 00, 00, 00, 00, 00, 00, 00, 00, 00, 00, 00, 00, 31, 00, 00, 00, 00, 00, 00, 00, 00, 00, 00, 00, 00, 00, 00, 00, 00, 00, 00, 00, 00, 00, 00, 00, 00, 00, 00, 00, 00, 00, 00, 00, 00, 00, 00 ],
        [ 00, 30, 30, 00, 00, 03, 03, 03, 03, 03, 03, 03, 03, 03, 03, 03, 03, 03, 03, 03, 03, 03, 03, 03, 03, 03, 03, 03, 00, 27, 00, 03, 03, 03, 03, 03, 03, 00, 00, 00, 00, 00, 00, 00, 00, 00, 00, 00 ],
        [ 00, 30, 30, 00, 00, 03, 03, 03, 03, 03, 03, 00, 29, 00, 03, 03, 03, 03, 03, 03, 03, 03, 03, 03, 03, 60, 60, 60, 60, 61, 60, 60, 60, 60, 03, 03, 00, 26, 00, 00, 00, 00, 00, 00, 00, 00, 00, 00 ],
        [ 00, 30, 30, 00, 00, 03, 03, 03, 03, 03, 03, 03, 03, 03, 03, 03, 03, 03, 03, 03, 00, 28, 00, 03, 03, 03, 03, 03, 03, 03, 03, 03, 03, 03, 03, 03, 03, 00, 00, 00, 00, 00, 00, 00, 00, 00, 00, 00 ],
        [ 00, 00, 00, 00, 00, 00, 00, 00, 00, 00, 00, 00, 00, 00, 00, 00, 00, 00, 00, 00, 00, 00, 00, 00, 00, 00, 00, 00, 00, 00, 00, 00, 00, 25, 00, 00, 00, 00, 00, 00, 00, 00, 00, 00, 00, 00, 00, 00 ],
        [ 00, 00, 00, 00, 00, 00, 00, 00, 00, 00, 00, 00, 00, 02, 02, 02, 02, 02, 02, 02, 02, 02, 02, 02, 02, 02, 02, 02, 00, 22, 00, 02, 02, 02, 02, 02, 02, 02, 02, 02, 02, 02, 02, 00, 00, 24, 24, 00 ],
        [ 00, 00, 00, 00, 00, 00, 00, 00, 00, 00, 00, 00, 20, 00, 02, 02, 02, 02, 02, 02, 02, 02, 02, 02, 02, 02, 02, 02, 02, 02, 02, 02, 02, 02, 02, 02, 02, 02, 02, 02, 02, 02, 02, 00, 00, 24, 24, 00 ],
        [ 00, 00, 00, 00, 00, 00, 00, 00, 00, 00, 00, 00, 00, 02, 02, 02, 02, 02, 02, 02, 00, 21, 00, 02, 02, 02, 02, 02, 02, 02, 02, 02, 02, 02, 02, 02, 00, 23, 00, 02, 02, 02, 02, 00, 00, 24, 24, 00 ],
        [ 00, 00, 00, 00, 00, 00, 00, 00, 00, 00, 00, 00, 00, 00, 00, 00, 00, 00, 00, 00, 00, 00, 00, 00, 00, 00, 00, 00, 00, 00, 00, 00, 00, 00, 00, 00, 00, 00, 00, 00, 00, 00, 00, 00, 00, 00, 00, 00 ]
    ],
    "barrierGrid": [
        [ 02, 03, 03, 03, 03, 03, 03, 03, 03, 03, 03, 03, 03, 03, 03, 03, 03, 03, 03, 03, 03, 03, 03, 03, 03, 03, 03, 03, 03, 03, 03, 03, 03, 03, 03, 03, 03, 03, 03, 03, 03, 03, 03, 03, 03, 03, 03, 04 ],
        [ 05, 00, 00, 00, 00, 00, 00, 00, 00, 00, 00, 00, 00, 00, 00, 00, 00, 00, 00, 00, 00, 00, 00, 00, 00, 00, 00, 00, 00, 00, 00, 00, 00, 00, 00, 00, 00, 00, 00, 00, 00, 00, 00, 01, 00, 00, 00, 06 ],
        [ 05, 00, 00, 00, 00, 00, 00, 00, 00, 00, 00, 00, 00, 00, 00, 00, 00, 00, 00, 00, 00, 00, 00, 00, 00, 00, 00, 00, 00, 00, 00, 00, 00, 00, 00, 00, 00, 00, 00, 00, 00, 00, 00, 01, 00, 00, 00, 06 ],
        [ 05, 00, 00, 00, 01, 01, 01, 01, 01, 01, 01, 01, 01, 01, 01, 01, 01, 01, 01, 01, 01, 01, 01, 01, 01, 01, 01, 01, 01, 01, 01, 01, 01, 01, 01, 01, 01, 01, 01, 01, 01, 00, 00, 01, 00, 00, 00, 06 ],
        [ 05, 00, 00, 00, 00, 00, 00, 00, 00, 00, 00, 00, 00, 00, 00, 00, 00, 00, 00, 00, 00, 00, 00, 00, 00, 00, 00, 00, 00, 00, 00, 00, 00, 00, 00, 00, 00, 00, 00, 00, 01, 00, 00, 01, 00, 00, 00, 06 ],
        [ 05, 00, 00, 00, 00, 00, 00, 00, 00, 00, 00, 00, 00, 00, 00, 00, 00, 00, 00, 00, 00, 00, 00, 00, 00, 00, 00, 00, 00, 00, 00, 00, 00, 00, 00, 00, 00, 00, 00, 00, 01, 00, 00, 01, 00, 00, 00, 06 ],
        [ 05, 01, 01, 01, 01, 01, 01, 01, 01, 01, 01, 01, 01, 01, 01, 01, 01, 01, 01, 01, 01, 01, 01, 01, 01, 01, 01, 01, 01, 01, 01, 01, 01, 01, 01, 01, 01, 01, 00, 00, 01, 00, 00, 01, 00, 00, 00, 06 ],
        [ 05, 00, 00, 00, 00, 00, 00, 00, 00, 00, 00, 00, 00, 00, 00, 00, 00, 00, 00, 00, 00, 00, 00, 00, 00, 00, 00, 00, 00, 00, 00, 00, 00, 00, 00, 00, 00, 00, 00, 00, 01, 00, 00, 00, 00, 00, 00, 06 ],
        [ 05, 00, 00, 00, 00, 00, 00, 00, 00, 00, 00, 00, 00, 00, 00, 00, 00, 00, 00, 00, 00, 00, 00, 00, 00, 00, 00, 00, 00, 00, 00, 00, 00, 00, 00, 00, 00, 00, 00, 00, 01, 00, 00, 00, 00, 00, 00, 06 ],
        [ 05, 00, 00, 00, 01, 01, 01, 01, 01, 01, 01, 01, 01, 01, 01, 01, 01, 01, 01, 01, 01, 01, 01, 01, 01, 01, 01, 01, 01, 01, 01, 01, 01, 01, 01, 01, 01, 01, 01, 01, 01, 01, 01, 01, 01, 01, 01, 06 ],
        [ 05, 00, 00, 00, 00, 00, 00, 00, 00, 00, 00, 00, 00, 00, 00, 00, 00, 00, 00, 00, 00, 00, 00, 00, 00, 00, 00, 00, 00, 00, 00, 00, 00, 00, 00, 00, 00, 00, 00, 00, 00, 00, 00, 00, 00, 00, 00, 06 ],
        [ 05, 00, 00, 00, 00, 00, 00, 00, 00, 00, 00, 00, 00, 00, 00, 00, 00, 00, 00, 00, 00, 00, 00, 00, 00, 00, 00, 00, 00, 00, 00, 00, 00, 00, 00, 00, 00, 00, 00, 00, 00, 00, 00, 00, 00, 00, 00, 06 ],
        [ 05, 01, 01, 01, 01, 01, 01, 01, 01, 01, 01, 01, 01, 01, 01, 01, 01, 01, 01, 01, 01, 01, 01, 01, 01, 01, 01, 01, 01, 01, 01, 01, 01, 01, 01, 01, 01, 01, 01, 01, 01, 01, 01, 01, 00, 00, 00, 06 ],
        [ 05, 00, 00, 00, 00, 00, 00, 00, 00, 00, 00, 00, 00, 00, 00, 00, 00, 00, 00, 00, 00, 00, 00, 00, 00, 00, 00, 00, 00, 00, 00, 00, 00, 00, 00, 00, 00, 00, 00, 00, 00, 00, 00, 00, 00, 00, 00, 06 ],
        [ 05, 00, 00, 00, 00, 00, 00, 00, 00, 00, 00, 00, 00, 00, 00, 00, 00, 00, 00, 00, 00, 00, 00, 00, 00, 00, 00, 00, 00, 00, 00, 00, 00, 00, 00, 00, 00, 00, 00, 00, 00, 00, 00, 00, 00, 00, 00, 06 ],
        [ 05, 00, 00, 00, 01, 01, 01, 01, 01, 01, 01, 01, 01, 00, 01, 01, 01, 01, 01, 01, 01, 01, 01, 01, 01, 01, 01, 01, 01, 01, 01, 01, 01, 01, 01, 01, 01, 01, 01, 01, 01, 01, 01, 01, 01, 01, 01, 06 ],
        [ 05, 00, 00, 00, 00, 00, 00, 00, 00, 00, 00, 00, 00, 00, 00, 00, 00, 00, 00, 00, 00, 00, 00, 00, 00, 00, 00, 00, 00, 00, 00, 00, 00, 00, 00, 00, 00, 00, 00, 00, 00, 00, 00, 00, 00, 00, 00, 06 ],
        [ 05, 00, 00, 00, 00, 00, 00, 00, 00, 00, 00, 00, 00, 00, 00, 00, 00, 00, 00, 00, 00, 00, 00, 00, 00, 00, 00, 00, 00, 00, 00, 00, 00, 00, 00, 00, 00, 00, 00, 00, 00, 00, 00, 00, 00, 00, 00, 06 ],
        [ 05, 00, 00, 00, 00, 00, 00, 00, 00, 00, 00, 00, 00, 00, 00, 00, 00, 00, 00, 00, 00, 00, 00, 00, 00, 00, 00, 00, 00, 00, 00, 00, 00, 00, 00, 00, 00, 00, 00, 00, 00, 00, 00, 00, 00, 00, 00, 06 ],
        [ 05, 01, 01, 01, 01, 01, 01, 01, 01, 01, 01, 01, 01, 01, 01, 01, 01, 01, 01, 01, 01, 01, 01, 01, 01, 01, 01, 01, 01, 01, 01, 01, 01, 00, 01, 01, 01, 01, 01, 01, 01, 01, 01, 01, 00, 00, 00, 06 ],
        [ 05, 00, 00, 00, 00, 00, 00, 00, 00, 00, 00, 00, 00, 00, 00, 00, 00, 00, 00, 00, 00, 00, 00, 00, 00, 00, 00, 00, 00, 00, 00, 00, 00, 00, 00, 00, 00, 00, 00, 00, 00, 00, 00, 00, 00, 00, 00, 06 ],
        [ 05, 00, 00, 00, 00, 00, 00, 00, 00, 00, 00, 00, 00, 00, 00, 00, 00, 00, 00, 00, 00, 00, 00, 00, 00, 00, 00, 00, 00, 00, 00, 00, 00, 00, 00, 00, 00, 00, 00, 00, 00, 00, 00, 00, 00, 00, 00, 06 ],
        [ 05, 00, 00, 00, 00, 00, 00, 00, 00, 00, 00, 00, 00, 00, 00, 00, 00, 00, 00, 00, 00, 00, 00, 00, 00, 00, 00, 00, 00, 00, 00, 00, 00, 00, 00, 00, 00, 00, 00, 00, 00, 00, 00, 00, 00, 00, 00, 06 ],
        [ 07, 08, 08, 08, 08, 08, 08, 08, 08, 08, 08, 08, 08, 08, 08, 08, 08, 08, 08, 08, 08, 08, 08, 08, 08, 08, 08, 08, 08, 08, 08, 08, 08, 08, 08, 08, 08, 08, 08, 08, 08, 08, 08, 08, 08, 08, 08, 09 ]
    ]
}
