{
    "width": 25,
    "height": 12,
    "floorList": [
        { "id": 00, "filename": "grass.png" },
        { "id": 01, "filename": "grass-white-flowers-01.png" },
        { "id": 10, "filename": "grass-patchy-01.png" },
        { "id": 11, "filename": "grass-patchy-02.png" },
        { "id": 12, "filename": "grass-patchy-03.png" },
        { "id": 20, "filename": "grass-browning-01.png" },
        { "id": 21, "filename": "grass-browning-02.png" },
        { "id": 30, "filename": "brown-grass.png" },
        { "id": 31, "filename": "brown-grass-southeast.png" },
        { "id": 32, "filename": "brown-grass-south.png" },
        { "id": 33, "filename": "brown-grass-southwest.png" },
        { "id": 34, "filename": "brown-grass-east.png" },
        { "id": 35, "filename": "brown-grass-west.png" },
        { "id": 36, "filename": "brown-grass-northeast.png" },
        { "id": 37, "filename": "brown-grass-north.png" },
        { "id": 38, "filename": "brown-grass-northwest.png" },
        { "id": 39, "filename": "brown-grass-south-and-east.png" },
        { "id": 40, "filename": "brown-grass-south-and-west.png" },
        { "id": 41, "filename": "brown-grass-north-and-east.png" },
        { "id": 42, "filename": "brown-grass-north-and-west.png" }
    ],
    "barrierList": [
        { "id": 01, "filename": "barrier.png" },
        { "id": 02, "filename": "shrub-barrier-northwest.png" },
        { "id": 03, "filename": "shrub-barrier-north.png" },
        { "id": 04, "filename": "shrub-barrier-northeast.png" },
        { "id": 05, "filename": "shrub-barrier-west.png" },
        { "id": 06, "filename": "shrub-barrier-east.png" },
        { "id": 07, "filename": "shrub-barrier-southwest.png" },
        { "id": 08, "filename": "shrub-barrier-south.png" },
        { "id": 09, "filename": "shrub-barrier-southeast.png" }
    ],
    "floorGrid": [
        [ 30, 30, 30, 30, 30, 30, 30, 30, 30, 30, 30, 30, 30, 30, 30, 30, 30, 30, 30, 30, 30, 30, 30, 30, 30 ],
        [ 30, 42, 37, 37, 37, 37, 37, 37, 37, 37, 37, 37, 37, 37, 37, 37, 37, 37, 37, 37, 37, 37, 37, 41, 30 ],
        [ 30, 35, 00, 00, 00, 00, 00, 00, 00, 00, 00, 00, 00, 00, 00, 00, 00, 00, 00, 00, 00, 00, 00, 34, 30 ],
        [ 30, 35, 00, 00, 00, 00, 00, 00, 00, 00, 00, 00, 00, 00, 00, 00, 00, 00, 00, 00, 00, 00, 00, 34, 30 ],
        [ 30, 35, 00, 00, 00, 00, 00, 00, 01, 01, 01, 01, 01, 01, 01, 01, 01, 00, 00, 00, 00, 00, 00, 34, 30 ],
        [ 30, 35, 00, 00, 00, 00, 00, 00, 01, 01, 01, 01, 01, 01, 01, 11, 01, 00, 00, 00, 00, 00, 00, 34, 30 ],
        [ 30, 35, 00, 00, 00, 00, 00, 00, 01, 10, 01, 01, 01, 01, 01, 01, 01, 00, 00, 00, 00, 00, 00, 34, 30 ],
        [ 30, 35, 00, 00, 00, 00, 00, 00, 01, 01, 01, 01, 12, 01, 01, 01, 01, 00, 00, 00, 00, 00, 00, 34, 30 ],
        [ 30, 35, 00, 00, 00, 00, 00, 00, 00, 00, 00, 00, 00, 00, 00, 00, 00, 00, 00, 00, 00, 00, 00, 34, 30 ],
        [ 30, 35, 00, 00, 00, 00, 00, 00, 00, 00, 00, 00, 00, 00, 00, 00, 00, 00, 00, 00, 00, 00, 00, 34, 30 ],
        [ 30, 40, 32, 32, 32, 32, 32, 32, 32, 32, 32, 32, 32, 32, 32, 32, 32, 32, 32, 32, 32, 32, 32, 39, 30 ],
        [ 30, 30, 30, 30, 30, 30, 30, 30, 30, 30, 30, 30, 30, 30, 30, 30, 30, 30, 30, 30, 30, 30, 30, 30, 30 ]
    ],
    "barrierGrid": [
        [ 02, 03, 03, 03, 03, 03, 03, 03, 03, 03, 03, 03, 03, 03, 03, 03, 03, 03, 03, 03, 03, 03, 03, 03, 04 ],
        [ 05, 00, 00, 00, 00, 00, 00, 00, 00, 00, 00, 00, 00, 00, 00, 00, 00, 00, 00, 00, 00, 00, 00, 00, 06 ],
        [ 05, 00, 00, 00, 00, 00, 00, 00, 00, 00, 00, 00, 00, 00, 00, 00, 00, 00, 00, 00, 00, 00, 00, 00, 06 ],
        [ 05, 00, 00, 00, 00, 00, 00, 00, 00, 00, 00, 00, 00, 00, 00, 00, 00, 00, 00, 00, 00, 00, 00, 00, 06 ],
        [ 05, 00, 00, 00, 00, 00, 00, 00, 00, 00, 00, 00, 00, 00, 00, 00, 00, 00, 00, 00, 00, 00, 00, 00, 06 ],
        [ 05, 00, 00, 00, 00, 00, 00, 00, 00, 02, 03, 03, 03, 03, 03, 04, 00, 00, 00, 00, 00, 00, 00, 00, 06 ],
        [ 05, 00, 00, 00, 00, 00, 00, 00, 00, 07, 08, 08, 08, 08, 08, 09, 00, 00, 00, 00, 00, 00, 00, 00, 06 ],
        [ 05, 00, 00, 00, 00, 00, 00, 00, 00, 00, 00, 00, 00, 00, 00, 00, 00, 00, 00, 00, 00, 00, 00, 00, 06 ],
        [ 05, 00, 00, 00, 00, 00, 00, 00, 00, 00, 00, 00, 00, 00, 00, 00, 00, 00, 00, 00, 00, 00, 00, 00, 06 ],
        [ 05, 00, 00, 00, 00, 00, 00, 00, 00, 00, 00, 00, 00, 00, 00, 00, 00, 00, 00, 00, 00, 00, 00, 00, 06 ],
        [ 05, 00, 00, 00, 00, 00, 00, 00, 00, 00, 00, 00, 00, 00, 00, 00, 00, 00, 00, 00, 00, 00, 00, 00, 06 ],
        [ 07, 08, 08, 08, 08, 08, 08, 08, 08, 08, 08, 08, 08, 08, 08, 08, 08, 08, 08, 08, 08, 08, 08, 08, 09 ]
    ]
}
