{
    "width": 49,
    "height": 24,
    "floorList": [
        { "id": 00, "filename": "grass.png" },
        { "id": 01, "filename": "transparent.png" },
        { "id": 02, "filename": "transparent.png" },
        { "id": 03, "filename": "transparent.png" },
        { "id": 04, "filename": "transparent.png" },
        { "id": 05, "filename": "transparent.png" },
        { "id": 06, "filename": "transparent.png" },
        { "id": 07, "filename": "transparent.png" },
        { "id": 08, "filename": "transparent.png" },
        { "id": 09, "filename": "transparent.png" },
        { "id": 10, "filename": "transparent.png" },
        { "id": 11, "filename": "transparent.png" },
        { "id": 12, "filename": "transparent.png" },
        { "id": 20, "filename": "grass-browning-01.png" },
        { "id": 21, "filename": "grass-browning-02.png" },
        { "id": 22, "filename": "grass-browning-01.png" },
        { "id": 23, "filename": "grass-browning-02.png" },
        { "id": 24, "filename": "grass-browning-01.png" },
        { "id": 25, "filename": "grass-browning-02.png" },
        { "id": 26, "filename": "grass-browning-01.png" },
        { "id": 27, "filename": "grass-browning-02.png" },
        { "id": 28, "filename": "grass-browning-01.png" },
        { "id": 29, "filename": "grass-browning-02.png" },
        { "id": 30, "filename": "grass-browning-01.png" },
        { "id": 31, "filename": "grass-browning-02.png" },
        { "id": 32, "filename": "grass-browning-01.png" },
        { "id": 33, "filename": "grass-browning-02.png" },
        { "id": 34, "filename": "grass-browning-01.png" },
        { "id": 35, "filename": "grass-browning-02.png" },
        { "id": 36, "filename": "grass-browning-01.png" },
        { "id": 37, "filename": "grass-browning-02.png" },
        { "id": 38, "filename": "grass-browning-01.png" },
        { "id": 39, "filename": "grass-browning-02.png" },
        { "id": 40, "filename": "grass-browning-01.png" },
        { "id": 41, "filename": "grass-browning-02.png" },
        { "id": 42, "filename": "grass-browning-01.png" },
        { "id": 43, "filename": "grass-browning-02.png" },
        { "id": 44, "filename": "grass-browning-01.png" },
        { "id": 45, "filename": "grass-browning-02.png" },
        { "id": 60, "filename": "grass-dirt-patch-01.png" },
        { "id": 61, "filename": "grass-dirt-patch-02.png" },
        { "id": 62, "filename": "grass-dirt-patch-01.png" },
        { "id": 63, "filename": "grass-dirt-patch-02.png" },
        { "id": 64, "filename": "grass-dirt-patch-01.png" },
        { "id": 65, "filename": "grass-dirt-patch-02.png" },
        { "id": 66, "filename": "grass-dirt-patch-01.png" },
        { "id": 67, "filename": "grass-dirt-patch-02.png" },
        { "id": 68, "filename": "grass-dirt-patch-01.png" },
        { "id": 69, "filename": "grass-dirt-patch-02.png" },
        { "id": 70, "filename": "grass-dirt-patch-01.png" },
        { "id": 71, "filename": "grass-dirt-patch-02.png" },
        { "id": 72, "filename": "grass-dirt-patch-01.png" },
        { "id": 73, "filename": "grass-dirt-patch-02.png" },
        { "id": 74, "filename": "grass-dirt-patch-01.png" },
        { "id": 75, "filename": "grass-dirt-patch-02.png" },
        { "id": 76, "filename": "grass-dirt-patch-01.png" },
        { "id": 77, "filename": "grass-dirt-patch-02.png" },
        { "id": 78, "filename": "grass-dirt-patch-01.png" },
        { "id": 79, "filename": "grass-dirt-patch-02.png" }
    ],
    "barrierList": [
        { "id": 01, "filename": "barrier.png" },
        { "id": 02, "filename": "shrub-barrier-northwest.png" },
        { "id": 03, "filename": "shrub-barrier-north.png" },
        { "id": 04, "filename": "shrub-barrier-northeast.png" },
        { "id": 05, "filename": "shrub-barrier-west.png" },
        { "id": 06, "filename": "shrub-barrier-east.png" },
        { "id": 07, "filename": "shrub-barrier-southwest.png" },
        { "id": 08, "filename": "shrub-barrier-south.png" },
        { "id": 09, "filename": "shrub-barrier-southeast.png" }
    ],
    "floorGrid": [
        [ 00, 00, 00, 00, 00, 00, 00, 00, 00, 00, 00, 00, 00, 00, 00, 00, 00, 00, 00, 00, 00, 00, 00, 00, 00, 00, 00, 00, 00, 00, 00, 00, 00, 00, 00, 00, 00, 00, 00, 00, 00, 00, 00, 00, 00, 00, 00, 00, 00 ],
        [ 00, 00, 00, 00, 00, 00, 00, 00, 00, 00, 00, 00, 00, 00, 00, 00, 00, 00, 00, 00, 00, 00, 00, 00, 00, 00, 00, 00, 00, 00, 00, 00, 00, 00, 00, 00, 00, 00, 00, 00, 00, 00, 11, 11, 11, 11, 11, 11, 00 ],
        [ 00, 00, 00, 03, 01, 03, 03, 02, 03, 00, 00, 00, 00, 00, 00, 00, 00, 00, 00, 00, 00, 00, 00, 00, 00, 00, 04, 02, 04, 04, 01, 04, 00, 00, 00, 00, 00, 00, 00, 00, 00, 00, 11, 00, 00, 00, 00, 11, 00 ],
        [ 00, 00, 00, 03, 03, 20, 22, 03, 03, 03, 63, 63, 63, 00, 65, 00, 63, 63, 63, 00, 65, 00, 63, 63, 63, 04, 04, 04, 24, 26, 04, 04, 04, 66, 66, 66, 68, 66, 66, 66, 00, 00, 11, 00, 11, 11, 11, 11, 00 ],
        [ 00, 00, 00, 03, 03, 21, 23, 03, 03, 03, 00, 65, 00, 64, 64, 64, 00, 65, 00, 64, 64, 64, 00, 65, 00, 04, 04, 04, 25, 27, 04, 04, 04, 67, 67, 67, 68, 67, 67, 67, 66, 00, 11, 00, 11, 00, 00, 00, 00 ],
        [ 00, 00, 00, 03, 02, 03, 03, 01, 03, 00, 00, 00, 00, 00, 00, 00, 00, 00, 00, 64, 64, 00, 00, 00, 00, 00, 04, 01, 04, 04, 02, 04, 00, 00, 00, 00, 00, 00, 00, 67, 66, 00, 11, 00, 11, 00, 00, 00, 00 ],
        [ 00, 00, 00, 00, 00, 03, 03, 00, 00, 00, 00, 00, 00, 00, 00, 00, 00, 00, 00, 64, 64, 00, 00, 00, 00, 00, 00, 00, 04, 04, 00, 00, 00, 00, 00, 00, 00, 00, 00, 67, 66, 00, 00, 00, 11, 11, 11, 11, 00 ],
        [ 00, 00, 00, 00, 00, 60, 00, 00, 00, 00, 00, 00, 00, 00, 00, 00, 00, 00, 00, 07, 07, 00, 00, 00, 00, 00, 00, 00, 77, 00, 00, 00, 00, 00, 00, 00, 00, 00, 00, 08, 08, 00, 00, 00, 00, 00, 11, 11, 00 ],
        [ 00, 10, 10, 10, 00, 60, 62, 00, 00, 00, 00, 00, 00, 00, 00, 00, 00, 01, 07, 07, 07, 07, 01, 00, 00, 00, 00, 00, 77, 78, 00, 00, 00, 00, 00, 00, 00, 01, 08, 08, 08, 08, 01, 00, 00, 00, 11, 11, 00 ],
        [ 00, 09, 00, 09, 00, 60, 00, 00, 00, 00, 00, 00, 00, 00, 00, 00, 00, 07, 07, 07, 07, 07, 07, 00, 00, 00, 00, 00, 00, 78, 00, 00, 00, 00, 00, 00, 00, 08, 08, 08, 08, 08, 08, 00, 00, 00, 11, 11, 00 ],
        [ 00, 09, 00, 09, 00, 00, 61, 61, 61, 61, 62, 00, 61, 61, 61, 00, 07, 07, 07, 28, 30, 07, 07, 07, 00, 77, 77, 77, 00, 79, 77, 77, 77, 00, 00, 00, 08, 08, 08, 32, 34, 08, 08, 08, 00, 00, 11, 12, 00 ],
        [ 00, 09, 00, 09, 00, 62, 61, 60, 60, 60, 00, 62, 60, 60, 60, 00, 07, 07, 07, 29, 31, 07, 07, 07, 00, 79, 00, 78, 78, 78, 00, 00, 78, 78, 78, 00, 08, 08, 08, 33, 35, 08, 08, 08, 00, 00, 11, 45, 00 ],
        [ 00, 09, 00, 09, 00, 00, 61, 00, 00, 00, 00, 00, 75, 00, 00, 00, 00, 07, 07, 07, 07, 07, 07, 00, 00, 00, 00, 00, 00, 00, 77, 00, 00, 00, 00, 00, 00, 08, 08, 08, 08, 08, 08, 00, 00, 00, 11, 12, 00 ],
        [ 00, 09, 00, 09, 00, 60, 00, 00, 00, 00, 00, 00, 75, 00, 00, 00, 00, 01, 07, 07, 07, 07, 01, 00, 00, 00, 00, 00, 00, 00, 77, 78, 00, 00, 00, 00, 00, 01, 08, 08, 08, 08, 01, 00, 00, 00, 11, 11, 00 ],
        [ 00, 09, 00, 09, 00, 60, 62, 00, 00, 00, 00, 00, 75, 76, 00, 00, 00, 00, 00, 07, 07, 00, 00, 00, 00, 00, 00, 00, 00, 00, 77, 78, 00, 00, 00, 00, 00, 00, 00, 08, 08, 00, 00, 00, 00, 00, 11, 11, 00 ],
        [ 00, 09, 00, 09, 00, 60, 00, 00, 00, 00, 00, 00, 00, 76, 00, 00, 00, 00, 00, 72, 00, 00, 00, 00, 00, 00, 00, 00, 00, 00, 00, 78, 00, 00, 00, 00, 00, 00, 00, 69, 71, 00, 00, 00, 00, 00, 11, 11, 00 ],
        [ 00, 09, 00, 09, 00, 00, 61, 00, 00, 00, 00, 00, 00, 76, 00, 00, 00, 00, 00, 72, 73, 00, 00, 00, 00, 00, 00, 00, 00, 00, 00, 00, 00, 00, 00, 00, 00, 00, 00, 69, 70, 00, 11, 11, 11, 00, 12, 11, 00 ],
        [ 00, 09, 00, 09, 00, 62, 61, 00, 00, 00, 00, 00, 05, 05, 00, 00, 00, 00, 00, 72, 73, 00, 00, 00, 00, 00, 00, 00, 00, 00, 06, 06, 00, 00, 00, 00, 00, 00, 00, 69, 70, 00, 11, 00, 11, 00, 44, 11, 00 ],
        [ 00, 09, 00, 09, 00, 00, 61, 00, 00, 00, 05, 02, 05, 05, 01, 05, 00, 00, 00, 72, 73, 00, 00, 00, 00, 00, 00, 00, 00, 01, 06, 06, 02, 00, 00, 00, 00, 00, 00, 00, 70, 00, 11, 00, 11, 00, 12, 11, 00 ],
        [ 00, 09, 00, 09, 00, 76, 75, 75, 75, 00, 05, 05, 36, 38, 05, 05, 00, 00, 00, 00, 73, 00, 74, 00, 72, 72, 72, 00, 06, 06, 40, 42, 06, 06, 00, 00, 00, 70, 70, 70, 00, 00, 11, 00, 11, 00, 11, 11, 00 ],
        [ 00, 09, 09, 09, 00, 76, 76, 00, 00, 00, 05, 05, 37, 39, 05, 05, 00, 73, 73, 73, 73, 00, 00, 00, 00, 74, 00, 00, 06, 06, 41, 43, 06, 06, 00, 00, 00, 71, 69, 69, 69, 00, 11, 00, 11, 00, 11, 11, 00 ],
        [ 00, 00, 00, 00, 00, 00, 00, 00, 00, 00, 05, 01, 05, 05, 02, 05, 00, 00, 00, 00, 00, 00, 00, 00, 00, 00, 00, 00, 00, 02, 06, 06, 01, 00, 00, 00, 00, 00, 00, 00, 00, 00, 11, 00, 11, 00, 11, 11, 00 ],
        [ 00, 00, 00, 00, 00, 00, 00, 00, 00, 00, 00, 00, 00, 00, 00, 00, 00, 00, 00, 00, 00, 00, 00, 00, 00, 00, 00, 00, 00, 00, 00, 00, 00, 00, 00, 00, 11, 11, 11, 11, 11, 11, 11, 00, 11, 11, 11, 11, 00 ],
        [ 00, 00, 00, 00, 00, 00, 00, 00, 00, 00, 00, 00, 00, 00, 00, 00, 00, 00, 00, 00, 00, 00, 00, 00, 00, 00, 00, 00, 00, 00, 00, 00, 00, 00, 00, 00, 00, 00, 00, 00, 00, 00, 00, 00, 00, 00, 00, 00, 00 ]
    ],
    "barrierGrid": [
        [ 02, 03, 03, 03, 03, 03, 03, 03, 03, 03, 03, 03, 03, 03, 03, 03, 03, 03, 03, 03, 03, 03, 03, 03, 03, 03, 03, 00, 00, 00, 00, 03, 03, 03, 03, 03, 03, 03, 03, 03, 03, 03, 03, 03, 03, 03, 03, 03, 04 ],
        [ 05, 01, 01, 00, 00, 00, 00, 00, 00, 01, 01, 01, 01, 01, 01, 01, 01, 01, 01, 01, 01, 01, 01, 01, 01, 01, 00, 00, 00, 00, 00, 00, 01, 01, 01, 01, 01, 01, 01, 01, 01, 01, 00, 00, 00, 00, 00, 00, 06 ],
        [ 05, 01, 00, 00, 00, 00, 00, 00, 00, 00, 01, 01, 01, 01, 01, 01, 01, 01, 01, 01, 01, 01, 01, 01, 01, 00, 00, 00, 00, 00, 00, 00, 00, 01, 01, 01, 01, 01, 01, 01, 01, 01, 00, 01, 01, 01, 01, 00, 06 ],
        [ 05, 00, 00, 00, 00, 00, 00, 00, 00, 00, 00, 00, 00, 00, 00, 00, 00, 00, 00, 00, 00, 00, 00, 00, 00, 00, 00, 00, 00, 00, 00, 00, 00, 00, 00, 00, 00, 00, 00, 00, 00, 01, 00, 01, 00, 00, 00, 00, 06 ],
        [ 05, 00, 00, 00, 00, 00, 00, 00, 00, 00, 00, 00, 00, 00, 00, 00, 00, 00, 00, 00, 00, 00, 00, 00, 00, 00, 00, 00, 00, 00, 00, 00, 00, 00, 00, 00, 00, 00, 00, 00, 00, 01, 00, 01, 00, 01, 01, 01, 06 ],
        [ 05, 01, 00, 00, 00, 00, 00, 00, 00, 00, 01, 01, 01, 01, 01, 01, 01, 01, 01, 00, 00, 01, 01, 01, 01, 00, 00, 00, 00, 00, 00, 00, 00, 01, 01, 01, 01, 01, 01, 00, 00, 01, 00, 01, 00, 01, 01, 01, 06 ],
        [ 05, 01, 01, 00, 00, 00, 00, 00, 00, 01, 01, 01, 01, 01, 01, 01, 01, 01, 01, 00, 00, 01, 01, 01, 01, 01, 00, 00, 00, 00, 00, 00, 01, 01, 01, 01, 01, 01, 01, 00, 00, 01, 00, 01, 00, 00, 00, 00, 06 ],
        [ 05, 01, 01, 01, 01, 00, 00, 01, 01, 01, 01, 01, 01, 01, 01, 01, 01, 00, 00, 00, 00, 00, 00, 01, 01, 01, 01, 01, 00, 00, 01, 01, 01, 01, 01, 01, 01, 00, 00, 00, 00, 00, 00, 01, 01, 01, 00, 00, 06 ],
        [ 05, 00, 00, 00, 01, 00, 00, 01, 01, 01, 01, 01, 01, 01, 01, 01, 00, 00, 00, 00, 00, 00, 00, 00, 01, 01, 01, 01, 00, 00, 01, 01, 01, 01, 01, 01, 00, 00, 00, 00, 00, 00, 00, 00, 01, 01, 00, 00, 06 ],
        [ 05, 00, 01, 00, 01, 00, 00, 01, 01, 01, 01, 01, 01, 01, 01, 00, 00, 00, 00, 00, 00, 00, 00, 00, 00, 01, 01, 01, 00, 00, 01, 01, 01, 01, 01, 00, 00, 00, 00, 00, 00, 00, 00, 00, 00, 01, 00, 00, 06 ],
        [ 05, 00, 01, 00, 01, 00, 00, 00, 00, 00, 00, 00, 00, 00, 00, 00, 00, 00, 00, 00, 00, 00, 00, 00, 00, 00, 00, 00, 00, 00, 00, 00, 00, 00, 00, 00, 00, 00, 00, 00, 00, 00, 00, 00, 00, 01, 00, 00, 06 ],
        [ 05, 00, 01, 00, 01, 00, 00, 00, 00, 00, 00, 00, 00, 00, 00, 00, 00, 00, 00, 00, 00, 00, 00, 00, 00, 00, 00, 00, 00, 00, 00, 00, 00, 00, 00, 00, 00, 00, 00, 00, 00, 00, 00, 00, 00, 01, 00, 00, 06 ],
        [ 05, 00, 01, 00, 01, 00, 00, 01, 01, 01, 01, 01, 00, 00, 01, 00, 00, 00, 00, 00, 00, 00, 00, 00, 00, 01, 01, 01, 01, 01, 00, 00, 01, 01, 01, 00, 00, 00, 00, 00, 00, 00, 00, 00, 00, 01, 00, 00, 06 ],
        [ 05, 00, 01, 00, 01, 00, 00, 01, 01, 01, 01, 01, 00, 00, 01, 01, 00, 00, 00, 00, 00, 00, 00, 00, 01, 01, 01, 01, 01, 01, 00, 00, 01, 01, 01, 01, 00, 00, 00, 00, 00, 00, 00, 00, 01, 01, 00, 00, 06 ],
        [ 05, 00, 01, 00, 01, 00, 00, 01, 01, 01, 01, 01, 00, 00, 01, 01, 01, 00, 00, 00, 00, 00, 00, 01, 01, 01, 01, 01, 01, 01, 00, 00, 01, 01, 01, 01, 01, 00, 00, 00, 00, 00, 00, 01, 01, 01, 00, 00, 06 ],
        [ 05, 00, 01, 00, 00, 00, 00, 01, 01, 01, 01, 01, 00, 00, 01, 01, 01, 01, 01, 00, 00, 01, 01, 01, 01, 01, 01, 01, 01, 01, 00, 00, 01, 01, 01, 01, 01, 01, 01, 00, 00, 01, 01, 01, 01, 01, 00, 00, 06 ],
        [ 05, 00, 01, 00, 01, 00, 00, 01, 01, 01, 01, 01, 00, 00, 01, 01, 01, 01, 01, 00, 00, 01, 01, 01, 01, 01, 01, 01, 01, 01, 00, 00, 01, 01, 01, 01, 01, 01, 01, 00, 00, 01, 00, 00, 00, 01, 00, 00, 06 ],
        [ 05, 00, 01, 00, 01, 00, 00, 01, 01, 01, 00, 00, 00, 00, 00, 00, 01, 01, 01, 00, 00, 01, 01, 01, 01, 01, 01, 01, 00, 00, 00, 00, 00, 00, 01, 01, 01, 01, 01, 00, 00, 01, 00, 01, 00, 01, 00, 00, 06 ],
        [ 05, 00, 01, 00, 01, 00, 00, 01, 01, 00, 00, 00, 00, 00, 00, 00, 00, 01, 01, 00, 00, 01, 01, 01, 01, 01, 01, 00, 00, 00, 00, 00, 00, 00, 00, 01, 01, 01, 01, 00, 00, 01, 00, 01, 00, 01, 00, 00, 06 ],
        [ 05, 00, 01, 00, 01, 00, 00, 00, 00, 00, 00, 00, 00, 00, 00, 00, 00, 00, 00, 00, 00, 00, 00, 00, 00, 00, 00, 00, 00, 00, 00, 00, 00, 00, 00, 00, 00, 00, 00, 00, 00, 01, 00, 01, 00, 01, 00, 00, 06 ],
        [ 05, 00, 00, 00, 01, 00, 00, 00, 00, 00, 00, 00, 00, 00, 00, 00, 00, 00, 00, 00, 00, 00, 00, 00, 00, 00, 00, 00, 00, 00, 00, 00, 00, 00, 00, 00, 00, 00, 00, 00, 00, 01, 00, 01, 00, 01, 00, 00, 06 ],
        [ 05, 00, 01, 01, 01, 01, 01, 00, 01, 00, 00, 00, 00, 00, 00, 00, 00, 01, 01, 01, 01, 01, 01, 01, 01, 01, 01, 00, 00, 00, 00, 00, 00, 00, 00, 01, 00, 01, 01, 01, 01, 01, 00, 01, 00, 01, 00, 00, 06 ],
        [ 05, 00, 00, 00, 00, 00, 00, 00, 01, 01, 00, 00, 00, 00, 00, 00, 01, 01, 01, 01, 01, 01, 01, 01, 01, 01, 01, 01, 00, 00, 00, 00, 00, 00, 01, 01, 00, 00, 00, 00, 00, 00, 00, 01, 00, 00, 00, 00, 06 ],
        [ 07, 08, 08, 08, 08, 08, 08, 08, 08, 08, 08, 08, 08, 08, 08, 08, 08, 08, 08, 08, 08, 08, 08, 08, 08, 08, 08, 08, 08, 08, 08, 08, 08, 08, 08, 08, 08, 08, 08, 08, 08, 08, 08, 08, 08, 08, 08, 08, 09 ]
    ]
}
