{
    "width": 46,
    "height": 24,
    "floorList": [
        { "id": 00, "filename": "grass.png" },
        { "id": 01, "filename": "transparent.png" },
        { "id": 02, "filename": "transparent.png" },
        { "id": 03, "filename": "transparent.png" },
        { "id": 04, "filename": "transparent.png" },
        { "id": 05, "filename": "transparent.png" },
        { "id": 06, "filename": "transparent.png" },
        { "id": 07, "filename": "transparent.png" },
        { "id": 08, "filename": "transparent.png" },
        { "id": 09, "filename": "transparent.png" },
        { "id": 10, "filename": "transparent.png" },
        { "id": 11, "filename": "transparent.png" },
        { "id": 12, "filename": "transparent.png" },
        { "id": 13, "filename": "transparent.png" },
        { "id": 14, "filename": "transparent.png" },
        { "id": 15, "filename": "transparent.png" },
        { "id": 16, "filename": "transparent.png" },
        { "id": 17, "filename": "transparent.png" },
        { "id": 18, "filename": "transparent.png" },
        { "id": 20, "filename": "grass-browning-01.png" },
        { "id": 21, "filename": "grass-browning-02.png" },
        { "id": 22, "filename": "grass-browning-01.png" },
        { "id": 23, "filename": "grass-browning-02.png" },
        { "id": 24, "filename": "grass-browning-01.png" },
        { "id": 25, "filename": "grass-browning-02.png" },
        { "id": 26, "filename": "grass-browning-01.png" },
        { "id": 27, "filename": "grass-browning-02.png" },
        { "id": 28, "filename": "grass-browning-01.png" },
        { "id": 29, "filename": "grass-browning-02.png" },
        { "id": 30, "filename": "grass-browning-01.png" },
        { "id": 31, "filename": "grass-browning-02.png" },
        { "id": 32, "filename": "grass-browning-01.png" },
        { "id": 33, "filename": "grass-browning-02.png" },
        { "id": 60, "filename": "grass-dirt-patch-01.png" },
        { "id": 61, "filename": "grass-dirt-patch-02.png" },
        { "id": 62, "filename": "grass-dirt-patch-01.png" },
        { "id": 63, "filename": "grass-dirt-patch-02.png" },
        { "id": 64, "filename": "grass-dirt-patch-01.png" },
        { "id": 65, "filename": "grass-dirt-patch-02.png" },
        { "id": 66, "filename": "grass-dirt-patch-01.png" },
        { "id": 67, "filename": "grass-dirt-patch-02.png" },
        { "id": 68, "filename": "grass-dirt-patch-01.png" },
        { "id": 69, "filename": "grass-dirt-patch-02.png" },
        { "id": 70, "filename": "grass-dirt-patch-01.png" },
        { "id": 71, "filename": "grass-dirt-patch-02.png" },
        { "id": 72, "filename": "grass-dirt-patch-01.png" },
        { "id": 73, "filename": "grass-dirt-patch-02.png" },
        { "id": 74, "filename": "grass-dirt-patch-01.png" },
        { "id": 75, "filename": "grass-dirt-patch-02.png" },
        { "id": 76, "filename": "grass-dirt-patch-01.png" },
        { "id": 77, "filename": "grass-dirt-patch-02.png" },
        { "id": 78, "filename": "grass-dirt-patch-01.png" },
        { "id": 79, "filename": "grass-dirt-patch-02.png" }
    ],
    "barrierList": [
        { "id": 01, "filename": "barrier.png" },
        { "id": 02, "filename": "shrub-barrier-northwest.png" },
        { "id": 03, "filename": "shrub-barrier-north.png" },
        { "id": 04, "filename": "shrub-barrier-northeast.png" },
        { "id": 05, "filename": "shrub-barrier-west.png" },
        { "id": 06, "filename": "shrub-barrier-east.png" },
        { "id": 07, "filename": "shrub-barrier-southwest.png" },
        { "id": 08, "filename": "shrub-barrier-south.png" },
        { "id": 09, "filename": "shrub-barrier-southeast.png" }
    ],
    "floorGrid": [
        [ 00, 00, 00, 00, 00, 00, 00, 00, 00, 00, 00, 00, 00, 00, 00, 00, 00, 00, 00, 00, 00, 00, 00, 00, 00, 00, 00, 00, 00, 00, 00, 00, 00, 00, 00, 00, 00, 00, 00, 00, 00, 00, 00, 00, 00, 00 ],
        [ 00, 00, 60, 60, 60, 62, 60, 60, 60, 00, 00, 00, 00, 00, 00, 00, 30, 10, 10, 00, 10, 10, 10, 10, 10, 10, 00, 10, 10, 32, 00, 00, 00, 00, 00, 00, 00, 64, 64, 64, 65, 64, 64, 64, 00, 00 ],
        [ 00, 00, 00, 00, 61, 61, 61, 00, 00, 00, 00, 00, 00, 00, 00, 00, 31, 10, 10, 00, 10, 10, 10, 10, 10, 10, 00, 10, 10, 33, 00, 00, 00, 00, 00, 00, 00, 00, 00, 63, 63, 63, 00, 00, 00, 00 ],
        [ 00, 00, 00, 00, 00, 00, 00, 00, 00, 00, 00, 00, 00, 00, 00, 00, 00, 00, 00, 00, 00, 00, 00, 00, 00, 00, 00, 00, 00, 00, 00, 00, 00, 00, 00, 00, 00, 00, 00, 00, 00, 00, 00, 00, 00, 00 ],
        [ 00, 60, 00, 00, 00, 02, 02, 02, 02, 00, 00, 00, 00, 00, 00, 00, 00, 00, 00, 00, 00, 06, 06, 06, 06, 00, 00, 00, 00, 00, 00, 00, 00, 00, 00, 00, 00, 02, 02, 02, 02, 00, 00, 00, 64, 00 ],
        [ 00, 60, 62, 00, 02, 01, 01, 01, 01, 02, 00, 00, 00, 00, 00, 00, 00, 00, 00, 00, 06, 05, 05, 05, 05, 06, 00, 00, 00, 00, 00, 00, 00, 00, 00, 00, 02, 01, 01, 01, 01, 02, 00, 65, 64, 00 ],
        [ 00, 60, 61, 00, 02, 01, 20, 21, 01, 02, 00, 00, 13, 00, 15, 15, 00, 13, 00, 00, 06, 05, 24, 25, 05, 06, 00, 00, 13, 00, 17, 17, 00, 13, 00, 00, 02, 01, 28, 29, 01, 02, 00, 63, 64, 00 ],
        [ 00, 00, 61, 00, 02, 01, 01, 01, 01, 02, 00, 00, 13, 00, 15, 15, 00, 13, 00, 00, 06, 05, 05, 05, 05, 06, 00, 00, 13, 00, 17, 17, 00, 13, 00, 00, 02, 01, 01, 01, 01, 02, 00, 63, 00, 00 ],
        [ 00, 00, 61, 00, 00, 02, 01, 01, 02, 00, 00, 00, 13, 00, 15, 15, 00, 13, 00, 00, 00, 06, 05, 05, 06, 00, 00, 00, 13, 00, 17, 17, 00, 13, 00, 00, 00, 02, 01, 01, 02, 00, 00, 63, 00, 00 ],
        [ 00, 00, 00, 00, 00, 00, 02, 02, 00, 00, 00, 00, 13, 00, 15, 15, 00, 13, 00, 00, 00, 00, 06, 06, 00, 00, 00, 00, 13, 00, 17, 17, 00, 13, 00, 00, 00, 00, 02, 02, 00, 00, 00, 00, 00, 00 ],
        [ 00, 00, 00, 00, 00, 00, 02, 02, 00, 07, 07, 07, 12, 00, 15, 15, 00, 12, 12, 12, 12, 00, 06, 06, 00, 12, 12, 12, 12, 00, 17, 17, 00, 12, 08, 08, 08, 00, 02, 02, 00, 00, 00, 00, 00, 00 ],
        [ 00, 00, 60, 00, 07, 00, 14, 14, 00, 07, 00, 00, 12, 00, 15, 15, 00, 12, 00, 00, 12, 00, 16, 16, 00, 12, 00, 00, 12, 00, 17, 17, 00, 12, 00, 00, 08, 00, 18, 18, 00, 08, 00, 64, 00, 00 ],
        [ 00, 00, 60, 00, 07, 00, 14, 14, 00, 07, 00, 00, 12, 00, 15, 15, 00, 12, 00, 00, 12, 00, 16, 16, 00, 12, 00, 00, 12, 00, 17, 17, 00, 12, 00, 00, 08, 00, 18, 18, 00, 08, 00, 64, 00, 00 ],
        [ 00, 61, 60, 00, 07, 00, 14, 14, 00, 12, 12, 12, 12, 00, 04, 04, 00, 12, 12, 12, 12, 00, 16, 16, 00, 12, 12, 12, 12, 00, 04, 04, 00, 12, 12, 12, 12, 00, 18, 18, 00, 08, 00, 64, 63, 00 ],
        [ 00, 61, 00, 00, 07, 00, 14, 14, 00, 13, 00, 00, 00, 00, 04, 04, 00, 00, 00, 00, 13, 00, 16, 16, 00, 13, 00, 00, 00, 00, 04, 04, 00, 00, 00, 00, 13, 00, 18, 18, 00, 08, 00, 00, 63, 00 ],
        [ 00, 61, 60, 00, 07, 00, 14, 14, 00, 13, 00, 00, 00, 04, 03, 03, 04, 00, 00, 00, 13, 00, 16, 16, 00, 13, 00, 00, 00, 04, 03, 03, 04, 00, 00, 00, 13, 00, 18, 18, 00, 08, 00, 64, 63, 00 ],
        [ 00, 62, 60, 00, 07, 00, 14, 14, 00, 13, 00, 00, 04, 03, 03, 03, 03, 04, 00, 00, 13, 00, 16, 16, 00, 13, 00, 00, 04, 03, 03, 03, 03, 04, 00, 00, 13, 00, 18, 18, 00, 08, 00, 64, 65, 00 ],
        [ 00, 61, 60, 00, 07, 00, 14, 14, 00, 13, 00, 00, 04, 03, 22, 23, 03, 04, 00, 00, 13, 00, 16, 16, 00, 13, 00, 00, 04, 03, 26, 27, 03, 04, 00, 00, 13, 00, 18, 18, 00, 08, 00, 64, 63, 00 ],
        [ 00, 61, 00, 00, 07, 00, 00, 00, 00, 00, 00, 00, 04, 03, 03, 03, 03, 04, 00, 00, 00, 00, 00, 00, 00, 00, 00, 00, 04, 03, 03, 03, 03, 04, 00, 00, 00, 00, 00, 00, 00, 08, 00, 00, 63, 00 ],
        [ 00, 61, 00, 00, 07, 00, 00, 00, 00, 00, 00, 00, 00, 04, 04, 04, 04, 00, 00, 00, 00, 00, 00, 00, 00, 00, 00, 00, 00, 04, 04, 04, 04, 00, 00, 00, 00, 00, 00, 00, 00, 08, 00, 00, 63, 00 ],
        [ 00, 00, 00, 00, 00, 00, 00, 00, 00, 00, 00, 00, 00, 00, 00, 00, 00, 00, 00, 00, 00, 00, 00, 00, 00, 00, 00, 00, 00, 00, 00, 00, 00, 00, 00, 00, 00, 00, 00, 00, 00, 00, 00, 00, 00, 00 ],
        [ 00, 00, 00, 00, 00, 00, 00, 00, 00, 09, 09, 00, 09, 09, 09, 09, 09, 09, 00, 09, 09, 00, 00, 00, 11, 11, 11, 11, 11, 11, 11, 11, 11, 11, 00, 11, 11, 00, 00, 00, 00, 00, 00, 00, 00, 00 ],
        [ 00, 00, 00, 00, 00, 00, 00, 00, 00, 09, 09, 00, 09, 09, 09, 09, 09, 09, 00, 09, 09, 00, 00, 00, 11, 11, 11, 11, 11, 11, 11, 11, 11, 11, 00, 11, 11, 00, 00, 00, 00, 00, 00, 00, 00, 00 ],
        [ 00, 00, 00, 00, 00, 00, 00, 00, 00, 00, 00, 00, 00, 00, 00, 00, 00, 00, 00, 00, 00, 00, 00, 00, 00, 00, 00, 00, 00, 00, 00, 00, 00, 00, 00, 00, 00, 00, 00, 00, 00, 00, 00, 00, 00, 00 ]
    ],
    "barrierGrid": [
        [ 02, 03, 03, 03, 03, 03, 03, 03, 03, 03, 03, 03, 03, 03, 03, 03, 03, 03, 03, 03, 03, 03, 03, 03, 03, 03, 03, 03, 03, 03, 03, 03, 03, 03, 03, 03, 03, 03, 03, 03, 03, 03, 03, 03, 03, 04 ],
        [ 05, 00, 00, 00, 00, 00, 00, 00, 00, 00, 00, 00, 00, 00, 00, 00, 00, 00, 00, 00, 00, 00, 00, 00, 00, 00, 00, 00, 00, 00, 00, 00, 00, 00, 00, 00, 00, 00, 00, 00, 00, 00, 00, 00, 00, 06 ],
        [ 05, 00, 00, 00, 00, 00, 00, 00, 00, 00, 00, 00, 00, 00, 00, 00, 00, 00, 00, 00, 00, 00, 00, 00, 00, 00, 00, 00, 00, 00, 00, 00, 00, 00, 00, 00, 00, 00, 00, 00, 00, 00, 00, 00, 00, 06 ],
        [ 05, 00, 00, 01, 01, 01, 01, 01, 01, 01, 01, 01, 01, 01, 00, 00, 01, 01, 01, 00, 01, 01, 01, 01, 01, 01, 00, 01, 01, 01, 00, 00, 01, 01, 01, 01, 01, 01, 01, 01, 01, 01, 01, 00, 00, 06 ],
        [ 05, 00, 00, 01, 01, 00, 00, 00, 00, 01, 01, 01, 00, 00, 00, 00, 00, 00, 01, 00, 01, 00, 00, 00, 00, 01, 00, 01, 00, 00, 00, 00, 00, 00, 01, 01, 01, 00, 00, 00, 00, 01, 01, 00, 00, 06 ],
        [ 05, 00, 00, 01, 00, 00, 00, 00, 00, 00, 00, 00, 00, 00, 00, 00, 00, 00, 01, 00, 00, 00, 00, 00, 00, 00, 00, 01, 00, 00, 00, 00, 00, 00, 01, 01, 00, 00, 00, 00, 00, 00, 01, 00, 00, 06 ],
        [ 05, 00, 00, 01, 00, 00, 00, 00, 00, 00, 01, 01, 00, 01, 00, 00, 01, 00, 01, 01, 00, 00, 00, 00, 00, 00, 01, 01, 00, 01, 00, 00, 01, 00, 01, 01, 00, 00, 00, 00, 00, 00, 01, 00, 00, 06 ],
        [ 05, 00, 00, 01, 00, 00, 00, 00, 00, 00, 01, 01, 00, 01, 00, 00, 01, 00, 01, 01, 00, 00, 00, 00, 00, 00, 01, 01, 00, 01, 00, 00, 01, 00, 01, 01, 00, 00, 00, 00, 00, 00, 01, 00, 00, 06 ],
        [ 05, 00, 00, 01, 01, 00, 00, 00, 00, 01, 01, 01, 00, 01, 00, 00, 01, 00, 01, 01, 01, 00, 00, 00, 00, 01, 01, 01, 00, 01, 00, 00, 01, 00, 01, 01, 00, 00, 00, 00, 00, 01, 01, 00, 00, 06 ],
        [ 05, 00, 00, 01, 01, 01, 00, 00, 01, 01, 01, 01, 00, 01, 00, 00, 01, 00, 01, 01, 01, 01, 00, 00, 01, 01, 01, 01, 00, 01, 00, 00, 01, 00, 01, 01, 00, 01, 00, 00, 01, 01, 01, 00, 00, 06 ],
        [ 05, 00, 00, 00, 00, 01, 00, 00, 01, 00, 00, 00, 00, 01, 00, 00, 01, 00, 00, 00, 00, 01, 00, 00, 00, 00, 00, 00, 00, 01, 00, 00, 01, 00, 00, 00, 00, 01, 00, 00, 01, 00, 00, 00, 00, 06 ],
        [ 05, 00, 00, 00, 00, 01, 00, 00, 01, 00, 01, 01, 00, 01, 00, 00, 01, 00, 01, 01, 00, 01, 00, 00, 01, 00, 01, 01, 00, 01, 00, 00, 01, 00, 01, 01, 00, 01, 00, 00, 01, 00, 00, 00, 00, 06 ],
        [ 05, 00, 00, 01, 00, 01, 00, 00, 01, 00, 01, 01, 00, 01, 00, 00, 01, 00, 01, 01, 00, 01, 00, 00, 01, 00, 01, 01, 00, 01, 00, 00, 01, 00, 01, 01, 00, 01, 00, 00, 01, 00, 01, 00, 00, 06 ],
        [ 05, 00, 00, 01, 00, 01, 00, 00, 01, 00, 00, 00, 00, 01, 00, 00, 01, 00, 00, 00, 00, 00, 00, 00, 01, 00, 00, 00, 00, 01, 00, 00, 01, 00, 00, 00, 00, 01, 00, 00, 01, 00, 01, 00, 00, 06 ],
        [ 05, 00, 00, 01, 00, 01, 00, 00, 01, 00, 01, 01, 01, 01, 00, 00, 01, 01, 01, 01, 00, 01, 00, 00, 01, 00, 01, 01, 01, 01, 00, 00, 01, 01, 01, 01, 00, 01, 00, 00, 01, 00, 01, 00, 00, 06 ],
        [ 05, 00, 00, 01, 00, 01, 00, 00, 01, 00, 01, 01, 01, 00, 00, 00, 00, 01, 01, 01, 00, 01, 00, 00, 01, 00, 01, 01, 01, 00, 00, 00, 00, 01, 01, 01, 00, 01, 00, 00, 01, 00, 01, 00, 00, 06 ],
        [ 05, 00, 00, 01, 00, 01, 00, 00, 01, 00, 01, 01, 00, 00, 00, 00, 00, 00, 01, 01, 00, 01, 00, 00, 01, 00, 01, 01, 00, 00, 00, 00, 00, 00, 01, 01, 00, 01, 00, 00, 01, 00, 01, 00, 00, 06 ],
        [ 05, 00, 00, 01, 00, 01, 00, 00, 01, 00, 01, 01, 00, 00, 00, 00, 00, 00, 01, 01, 00, 01, 00, 00, 01, 00, 01, 01, 00, 00, 00, 00, 00, 00, 01, 01, 00, 01, 00, 00, 01, 00, 01, 00, 00, 06 ],
        [ 05, 00, 00, 01, 00, 00, 00, 00, 00, 00, 01, 00, 00, 00, 00, 00, 00, 00, 00, 01, 00, 00, 00, 00, 00, 00, 00, 00, 00, 00, 00, 00, 00, 00, 00, 01, 00, 00, 00, 00, 00, 00, 01, 00, 00, 06 ],
        [ 05, 00, 00, 01, 00, 00, 00, 00, 00, 00, 01, 00, 01, 00, 00, 00, 00, 01, 00, 01, 00, 00, 00, 00, 00, 00, 01, 00, 01, 00, 00, 00, 00, 01, 00, 01, 00, 00, 00, 00, 00, 00, 01, 00, 00, 06 ],
        [ 05, 00, 00, 01, 01, 01, 00, 00, 01, 01, 01, 00, 01, 01, 01, 01, 01, 01, 00, 01, 01, 01, 00, 00, 01, 01, 01, 00, 01, 01, 01, 01, 01, 01, 00, 01, 01, 01, 00, 00, 01, 01, 01, 00, 00, 06 ],
        [ 05, 00, 00, 00, 00, 00, 00, 00, 01, 00, 00, 00, 00, 00, 00, 00, 00, 00, 00, 00, 00, 00, 00, 00, 00, 00, 00, 00, 00, 00, 00, 00, 00, 00, 00, 00, 00, 01, 00, 00, 00, 00, 00, 00, 00, 06 ],
        [ 05, 00, 00, 00, 00, 00, 00, 00, 01, 00, 00, 00, 00, 00, 00, 00, 00, 00, 00, 00, 00, 00, 00, 00, 00, 00, 00, 00, 00, 00, 00, 00, 00, 00, 00, 00, 00, 01, 00, 00, 00, 00, 00, 00, 00, 06 ],
        [ 07, 08, 08, 08, 08, 08, 08, 08, 08, 08, 08, 08, 08, 08, 08, 08, 08, 08, 08, 08, 08, 08, 08, 08, 08, 08, 08, 08, 08, 08, 08, 08, 08, 08, 08, 08, 08, 08, 08, 08, 08, 08, 08, 08, 08, 09 ]
    ]
}
